{
  "version": "2.0.0",
  "architecture": "MobileNetV2",
  "input_size": [
    224,
    224,
    3
  ],
  "num_classes": 7,
  "accuracy": 0.16817724068479356,
  "precision": 0.09247309180096727,
  "recall": 0.16817724068479356,
  "f1_score": 0.08795498568843402,
  "model_size_mb": 8.997230529785156,
  "tflite_size_mb": 2.3963623046875,
  "avg_inference_ms": 55.255303382873535,
  "trained_date": "2025-12-26",
  "trained_on": "PlantVillage dataset (focused scope)",
  "classes": [
    "Tomato___Early_blight",
    "Tomato___Late_blight",
    "Tomato___Leaf_Mold",
    "Tomato___healthy",
    "Potato___Early_blight",
    "Potato___Late_blight",
    "Potato___healthy"
  ]
}